FECHA_ADMINISTRACION,GRUPO_ETARIO,GENERO,VACUNA,TIPO_EFECTOR,DOSIS_1,DOSIS_2,ID_CARGA
31DEC2020:00:00:00,51 a 60,F,Sputnik,Público,9,0,
31DEC2020:00:00:00,51 a 60,M,Sputnik,Público,9,0,
31DEC2020:00:00:00,61 a 70,F,Sputnik,Público,1,0,
02JAN2021:00:00:00,30 o menos,F,Sputnik,Público,33,0,
02JAN2021:00:00:00,30 o menos,M,Sputnik,Público,14,0,
02JAN2021:00:00:00,31 a 40,F,Sputnik,Público,109,0,
02JAN2021:00:00:00,31 a 40,M,Sputnik,Público,58,0,
02JAN2021:00:00:00,41 a 50,F,Sputnik,Público,78,0,
02JAN2021:00:00:00,41 a 50,M,Sputnik,Público,50,0,
02JAN2021:00:00:00,51 a 60,F,Sputnik,Público,55,0,
02JAN2021:00:00:00,51 a 60,M,Sputnik,Público,30,0,
02JAN2021:00:00:00,61 a 70,F,Sputnik,Público,2,0,
02JAN2021:00:00:00,61 a 70,M,Sputnik,Público,1,0,
03JAN2021:00:00:00,30 o menos,F,Sputnik,Público,17,0,
03JAN2021:00:00:00,30 o menos,M,Sputnik,Público,9,0,
03JAN2021:00:00:00,31 a 40,F,Sputnik,Público,48,0,
03JAN2021:00:00:00,31 a 40,M,Sputnik,Público,25,0,
03JAN2021:00:00:00,41 a 50,F,Sputnik,Público,30,0,
03JAN2021:00:00:00,41 a 50,M,Sputnik,Público,12,0,
03JAN2021:00:00:00,51 a 60,F,Sputnik,Público,19,0,
03JAN2021:00:00:00,51 a 60,M,Sputnik,Público,9,0,
04JAN2021:00:00:00,30 o menos,F,Sputnik,Privado,11,0,
04JAN2021:00:00:00,30 o menos,F,Sputnik,Público,86,0,
04JAN2021:00:00:00,30 o menos,F,Sputnik,Público nacional,4,0,
04JAN2021:00:00:00,30 o menos,M,Sputnik,Privado,6,0,
04JAN2021:00:00:00,30 o menos,M,Sputnik,Público,54,0,
04JAN2021:00:00:00,30 o menos,M,Sputnik,Público nacional,1,0,
04JAN2021:00:00:00,31 a 40,F,Sputnik,Privado,15,0,
04JAN2021:00:00:00,31 a 40,F,Sputnik,Público,179,0,
04JAN2021:00:00:00,31 a 40,F,Sputnik,Público nacional,9,0,
04JAN2021:00:00:00,31 a 40,M,Sputnik,Privado,9,0,
04JAN2021:00:00:00,31 a 40,M,Sputnik,Público,102,0,
04JAN2021:00:00:00,31 a 40,M,Sputnik,Público nacional,5,0,
04JAN2021:00:00:00,41 a 50,F,Sputnik,Privado,10,0,
04JAN2021:00:00:00,41 a 50,F,Sputnik,Público,162,0,
04JAN2021:00:00:00,41 a 50,F,Sputnik,Público nacional,3,0,
04JAN2021:00:00:00,41 a 50,M,Sputnik,Privado,4,0,
04JAN2021:00:00:00,41 a 50,M,Sputnik,Público,94,0,
04JAN2021:00:00:00,41 a 50,M,Sputnik,Público nacional,5,0,
04JAN2021:00:00:00,51 a 60,F,Sputnik,Privado,4,0,
04JAN2021:00:00:00,51 a 60,F,Sputnik,Público,99,0,
04JAN2021:00:00:00,51 a 60,F,Sputnik,Público nacional,2,0,
04JAN2021:00:00:00,51 a 60,M,Sputnik,Privado,2,0,
04JAN2021:00:00:00,51 a 60,M,Sputnik,Público,72,0,
04JAN2021:00:00:00,51 a 60,M,Sputnik,Público nacional,1,0,
04JAN2021:00:00:00,61 a 70,M,Sputnik,Privado,1,0,
05JAN2021:00:00:00,30 o menos,F,Sputnik,Privado,29,0,
05JAN2021:00:00:00,30 o menos,F,Sputnik,Público,92,0,
05JAN2021:00:00:00,30 o menos,F,Sputnik,Público nacional,16,0,
05JAN2021:00:00:00,30 o menos,M,Sputnik,Privado,15,0,
05JAN2021:00:00:00,30 o menos,M,Sputnik,Público,54,0,
05JAN2021:00:00:00,30 o menos,M,Sputnik,Público nacional,4,0,
05JAN2021:00:00:00,31 a 40,F,Sputnik,Privado,60,0,
05JAN2021:00:00:00,31 a 40,F,Sputnik,Público,183,0,
05JAN2021:00:00:00,31 a 40,F,Sputnik,Público nacional,28,0,
05JAN2021:00:00:00,31 a 40,M,Sputnik,Privado,49,0,
05JAN2021:00:00:00,31 a 40,M,Sputnik,Público,158,0,
05JAN2021:00:00:00,31 a 40,M,Sputnik,Público nacional,10,0,
05JAN2021:00:00:00,41 a 50,F,Sputnik,Privado,28,0,
05JAN2021:00:00:00,41 a 50,F,Sputnik,Público,193,0,
05JAN2021:00:00:00,41 a 50,F,Sputnik,Público nacional,26,0,
05JAN2021:00:00:00,41 a 50,M,Sputnik,Privado,15,0,
05JAN2021:00:00:00,41 a 50,M,Sputnik,Público,100,0,
05JAN2021:00:00:00,41 a 50,M,Sputnik,Público nacional,11,0,
05JAN2021:00:00:00,51 a 60,F,Sputnik,Privado,9,0,
05JAN2021:00:00:00,51 a 60,F,Sputnik,Público,131,0,
05JAN2021:00:00:00,51 a 60,F,Sputnik,Público nacional,15,0,
05JAN2021:00:00:00,51 a 60,M,Sputnik,Privado,8,0,
05JAN2021:00:00:00,51 a 60,M,Sputnik,Público,80,0,
05JAN2021:00:00:00,51 a 60,M,Sputnik,Público nacional,9,0,
05JAN2021:00:00:00,61 a 70,F,Sputnik,Privado,1,0,
05JAN2021:00:00:00,61 a 70,F,Sputnik,Público,2,0,
05JAN2021:00:00:00,61 a 70,M,Sputnik,Público,1,0,
05JAN2021:00:00:00,71 a 80,F,Sputnik,Privado,1,0,
06JAN2021:00:00:00,30 o menos,F,Sputnik,Privado,23,0,
06JAN2021:00:00:00,30 o menos,F,Sputnik,Público,132,0,
06JAN2021:00:00:00,30 o menos,F,Sputnik,Público nacional,8,0,
06JAN2021:00:00:00,30 o menos,M,Sputnik,Privado,12,0,
06JAN2021:00:00:00,30 o menos,M,Sputnik,Público,78,0,
06JAN2021:00:00:00,30 o menos,M,Sputnik,Público nacional,9,0,
06JAN2021:00:00:00,31 a 40,F,Sputnik,Privado,43,0,
06JAN2021:00:00:00,31 a 40,F,Sputnik,Público,204,0,
06JAN2021:00:00:00,31 a 40,F,Sputnik,Público nacional,14,0,
06JAN2021:00:00:00,31 a 40,M,Sputnik,Privado,44,0,
06JAN2021:00:00:00,31 a 40,M,Sputnik,Público,149,0,
06JAN2021:00:00:00,31 a 40,M,Sputnik,Público nacional,17,0,
06JAN2021:00:00:00,41 a 50,F,Sputnik,Privado,28,0,
06JAN2021:00:00:00,41 a 50,F,Sputnik,Público,221,0,
06JAN2021:00:00:00,41 a 50,F,Sputnik,Público nacional,7,0,
06JAN2021:00:00:00,41 a 50,M,Sputnik,Privado,28,0,
06JAN2021:00:00:00,41 a 50,M,Sputnik,Público,122,0,
06JAN2021:00:00:00,41 a 50,M,Sputnik,Público nacional,8,0,
06JAN2021:00:00:00,51 a 60,F,Sputnik,Privado,5,0,
06JAN2021:00:00:00,51 a 60,F,Sputnik,Público,180,0,
06JAN2021:00:00:00,51 a 60,F,Sputnik,Público nacional,6,0,
06JAN2021:00:00:00,51 a 60,M,Sputnik,Privado,8,0,
06JAN2021:00:00:00,51 a 60,M,Sputnik,Público,83,0,
06JAN2021:00:00:00,51 a 60,M,Sputnik,Público nacional,5,0,
06JAN2021:00:00:00,61 a 70,F,Sputnik,Público,2,0,
06JAN2021:00:00:00,61 a 70,F,Sputnik,Público nacional,1,0,
06JAN2021:00:00:00,61 a 70,M,Sputnik,Público,2,0,
07JAN2021:00:00:00,30 o menos,F,Sputnik,Privado,7,0,
07JAN2021:00:00:00,30 o menos,F,Sputnik,Público,156,0,
07JAN2021:00:00:00,30 o menos,F,Sputnik,Público nacional,6,0,
07JAN2021:00:00:00,30 o menos,M,Sputnik,Privado,8,0,
07JAN2021:00:00:00,30 o menos,M,Sputnik,Público,82,0,
07JAN2021:00:00:00,31 a 40,F,Sputnik,Privado,18,0,
07JAN2021:00:00:00,31 a 40,F,Sputnik,Público,325,0,
07JAN2021:00:00:00,31 a 40,F,Sputnik,Público nacional,5,0,
07JAN2021:00:00:00,31 a 40,M,Sputnik,Privado,24,0,
07JAN2021:00:00:00,31 a 40,M,Sputnik,Público,169,0,
07JAN2021:00:00:00,31 a 40,M,Sputnik,Público nacional,8,0,
07JAN2021:00:00:00,41 a 50,F,Sputnik,Privado,20,0,
07JAN2021:00:00:00,41 a 50,F,Sputnik,Público,278,0,
07JAN2021:00:00:00,41 a 50,F,Sputnik,Público nacional,4,0,
07JAN2021:00:00:00,41 a 50,M,Sputnik,Privado,10,0,
07JAN2021:00:00:00,41 a 50,M,Sputnik,Público,146,0,
07JAN2021:00:00:00,41 a 50,M,Sputnik,Público nacional,5,0,
07JAN2021:00:00:00,51 a 60,F,Sputnik,Privado,8,0,
07JAN2021:00:00:00,51 a 60,F,Sputnik,Público,184,0,
07JAN2021:00:00:00,51 a 60,F,Sputnik,Público nacional,3,0,
07JAN2021:00:00:00,51 a 60,M,Sputnik,Privado,2,0,
07JAN2021:00:00:00,51 a 60,M,Sputnik,Público,115,0,
07JAN2021:00:00:00,51 a 60,M,Sputnik,Público nacional,5,0,
08JAN2021:00:00:00,30 o menos,F,Sputnik,Privado,17,0,
08JAN2021:00:00:00,30 o menos,F,Sputnik,Público,189,0,
08JAN2021:00:00:00,30 o menos,F,Sputnik,Público nacional,24,0,
08JAN2021:00:00:00,30 o menos,M,Sputnik,Privado,9,0,
08JAN2021:00:00:00,30 o menos,M,Sputnik,Público,103,0,
08JAN2021:00:00:00,30 o menos,M,Sputnik,Público nacional,9,0,
08JAN2021:00:00:00,31 a 40,F,Sputnik,Privado,16,0,
08JAN2021:00:00:00,31 a 40,F,Sputnik,Público,361,0,
08JAN2021:00:00:00,31 a 40,F,Sputnik,Público nacional,28,0,
08JAN2021:00:00:00,31 a 40,M,Sputnik,Privado,14,0,
08JAN2021:00:00:00,31 a 40,M,Sputnik,Público,195,0,
08JAN2021:00:00:00,31 a 40,M,Sputnik,Público nacional,18,0,
08JAN2021:00:00:00,41 a 50,F,Sputnik,Privado,28,0,
08JAN2021:00:00:00,41 a 50,F,Sputnik,Público,299,0,
08JAN2021:00:00:00,41 a 50,F,Sputnik,Público nacional,14,0,
08JAN2021:00:00:00,41 a 50,M,Sputnik,Privado,18,0,
08JAN2021:00:00:00,41 a 50,M,Sputnik,Público,170,0,
08JAN2021:00:00:00,41 a 50,M,Sputnik,Público nacional,4,0,
08JAN2021:00:00:00,51 a 60,F,Sputnik,Privado,14,0,
08JAN2021:00:00:00,51 a 60,F,Sputnik,Público,185,0,
08JAN2021:00:00:00,51 a 60,F,Sputnik,Público nacional,8,0,
08JAN2021:00:00:00,51 a 60,M,Sputnik,Privado,16,0,
08JAN2021:00:00:00,51 a 60,M,Sputnik,Público,103,0,
08JAN2021:00:00:00,51 a 60,M,Sputnik,Público nacional,5,0,
08JAN2021:00:00:00,61 a 70,F,Sputnik,Público,4,0,
08JAN2021:00:00:00,61 a 70,M,Sputnik,Público,5,0,
08JAN2021:00:00:00,61 a 70,M,Sputnik,Público nacional,1,0,
09JAN2021:00:00:00,30 o menos,F,Sputnik,Privado,3,0,
09JAN2021:00:00:00,30 o menos,F,Sputnik,Público,24,0,
09JAN2021:00:00:00,30 o menos,F,Sputnik,Público nacional,13,0,
09JAN2021:00:00:00,30 o menos,M,Sputnik,Privado,1,0,
09JAN2021:00:00:00,30 o menos,M,Sputnik,Público,10,0,
09JAN2021:00:00:00,30 o menos,M,Sputnik,Público nacional,3,0,
09JAN2021:00:00:00,31 a 40,F,Sputnik,Privado,4,0,
09JAN2021:00:00:00,31 a 40,F,Sputnik,Público,81,0,
09JAN2021:00:00:00,31 a 40,F,Sputnik,Público nacional,17,0,
09JAN2021:00:00:00,31 a 40,M,Sputnik,Privado,9,0,
09JAN2021:00:00:00,31 a 40,M,Sputnik,Público,52,0,
09JAN2021:00:00:00,31 a 40,M,Sputnik,Público nacional,11,0,
09JAN2021:00:00:00,41 a 50,F,Sputnik,Privado,2,0,
09JAN2021:00:00:00,41 a 50,F,Sputnik,Público,68,0,
26JAN2021:00:00:00,41 a 50,M,Sputnik,Público nacional,0,7,
26JAN2021:00:00:00,51 a 60,F,Sputnik,Privado,0,6,
26JAN2021:00:00:00,51 a 60,F,Sputnik,Público,0,117,
26JAN2021:00:00:00,51 a 60,F,Sputnik,Público nacional,1,13,
26JAN2021:00:00:00,51 a 60,M,Sputnik,Público,0,68,
26JAN2021:00:00:00,51 a 60,M,Sputnik,Público nacional,1,5,
26JAN2021:00:00:00,61 a 70,F,Sputnik,Público,0,4,
26JAN2021:00:00:00,61 a 70,M,Sputnik,Privado,1,0,
26JAN2021:00:00:00,61 a 70,M,Sputnik,Público,0,2,
26JAN2021:00:00:00,91 o mas,F,Sputnik,Público,1,0,
27JAN2021:00:00:00,30 o menos,F,Sputnik,Privado,0,1,
27JAN2021:00:00:00,30 o menos,F,Sputnik,Público,0,109,
27JAN2021:00:00:00,30 o menos,F,Sputnik,Público nacional,0,6,
27JAN2021:00:00:00,30 o menos,M,Sputnik,Privado,1,3,
27JAN2021:00:00:00,30 o menos,M,Sputnik,Público,0,64,
27JAN2021:00:00:00,30 o menos,M,Sputnik,Público nacional,0,6,
27JAN2021:00:00:00,31 a 40,F,Sputnik,Privado,1,8,
27JAN2021:00:00:00,31 a 40,F,Sputnik,Público,1,174,
27JAN2021:00:00:00,31 a 40,F,Sputnik,Público nacional,0,14,
27JAN2021:00:00:00,31 a 40,M,Sputnik,Privado,0,14,
27JAN2021:00:00:00,31 a 40,M,Sputnik,Público,0,144,
27JAN2021:00:00:00,31 a 40,M,Sputnik,Público nacional,0,11,
27JAN2021:00:00:00,41 a 50,F,Sputnik,Privado,0,14,
27JAN2021:00:00:00,41 a 50,F,Sputnik,Público,0,173,
27JAN2021:00:00:00,41 a 50,F,Sputnik,Público nacional,0,5,
27JAN2021:00:00:00,41 a 50,M,Sputnik,Privado,0,10,
27JAN2021:00:00:00,41 a 50,M,Sputnik,Público,0,97,
27JAN2021:00:00:00,41 a 50,M,Sputnik,Público nacional,0,10,
27JAN2021:00:00:00,51 a 60,F,Sputnik,Privado,0,2,
27JAN2021:00:00:00,51 a 60,F,Sputnik,Público,1,149,
27JAN2021:00:00:00,51 a 60,F,Sputnik,Público nacional,0,3,
27JAN2021:00:00:00,51 a 60,M,Sputnik,Privado,0,5,
27JAN2021:00:00:00,51 a 60,M,Sputnik,Público,0,72,
27JAN2021:00:00:00,51 a 60,M,Sputnik,Público nacional,0,5,
27JAN2021:00:00:00,61 a 70,F,Sputnik,Público,0,2,
27JAN2021:00:00:00,61 a 70,M,Sputnik,Público,0,2,
28JAN2021:00:00:00,30 o menos,F,Sputnik,Privado,0,9,
28JAN2021:00:00:00,30 o menos,F,Sputnik,Público,0,129,
28JAN2021:00:00:00,30 o menos,F,Sputnik,Público nacional,0,7,
28JAN2021:00:00:00,30 o menos,M,Sputnik,Privado,0,6,
28JAN2021:00:00:00,30 o menos,M,Sputnik,Público,0,67,
28JAN2021:00:00:00,30 o menos,M,Sputnik,Público nacional,0,2,
28JAN2021:00:00:00,31 a 40,F,Sputnik,Privado,0,21,
28JAN2021:00:00:00,31 a 40,F,Sputnik,Público,0,243,
28JAN2021:00:00:00,31 a 40,F,Sputnik,Público nacional,0,9,
28JAN2021:00:00:00,31 a 40,M,Sputnik,Privado,0,16,
28JAN2021:00:00:00,31 a 40,M,Sputnik,Público,0,128,
28JAN2021:00:00:00,31 a 40,M,Sputnik,Público nacional,0,8,
28JAN2021:00:00:00,41 a 50,F,Sputnik,Privado,0,14,
28JAN2021:00:00:00,41 a 50,F,Sputnik,Público,0,206,
28JAN2021:00:00:00,41 a 50,F,Sputnik,Público nacional,0,6,
28JAN2021:00:00:00,41 a 50,M,Sputnik,Privado,0,10,
28JAN2021:00:00:00,41 a 50,M,Sputnik,Público,0,113,
28JAN2021:00:00:00,41 a 50,M,Sputnik,Público nacional,0,5,
28JAN2021:00:00:00,51 a 60,F,Sputnik,Privado,0,5,
28JAN2021:00:00:00,51 a 60,F,Sputnik,Público,0,155,
28JAN2021:00:00:00,51 a 60,F,Sputnik,Público nacional,0,4,
28JAN2021:00:00:00,51 a 60,M,Sputnik,Privado,0,2,
28JAN2021:00:00:00,51 a 60,M,Sputnik,Público,0,97,
28JAN2021:00:00:00,51 a 60,M,Sputnik,Público nacional,0,4,
29JAN2021:00:00:00,30 o menos,F,Sputnik,Privado,0,32,
29JAN2021:00:00:00,30 o menos,F,Sputnik,Público,0,145,
29JAN2021:00:00:00,30 o menos,F,Sputnik,Público nacional,0,11,
29JAN2021:00:00:00,30 o menos,M,Sputnik,Privado,0,22,
29JAN2021:00:00:00,30 o menos,M,Sputnik,Público,0,75,
29JAN2021:00:00:00,30 o menos,M,Sputnik,Público nacional,0,5,
29JAN2021:00:00:00,31 a 40,F,Sputnik,Privado,0,44,
29JAN2021:00:00:00,31 a 40,F,Sputnik,Público,3,309,
29JAN2021:00:00:00,31 a 40,F,Sputnik,Público nacional,0,20,
29JAN2021:00:00:00,31 a 40,M,Sputnik,Privado,0,53,
29JAN2021:00:00:00,31 a 40,M,Sputnik,Público,0,173,
29JAN2021:00:00:00,31 a 40,M,Sputnik,Público nacional,0,17,
29JAN2021:00:00:00,41 a 50,F,Sputnik,Privado,0,32,
29JAN2021:00:00:00,41 a 50,F,Sputnik,Público,0,266,
29JAN2021:00:00:00,41 a 50,F,Sputnik,Público nacional,0,9,
29JAN2021:00:00:00,41 a 50,M,Sputnik,Privado,0,23,
29JAN2021:00:00:00,41 a 50,M,Sputnik,Público,1,152,
29JAN2021:00:00:00,41 a 50,M,Sputnik,Público nacional,0,6,
29JAN2021:00:00:00,51 a 60,F,Sputnik,Privado,0,13,
29JAN2021:00:00:00,51 a 60,F,Sputnik,Público,0,166,
29JAN2021:00:00:00,51 a 60,F,Sputnik,Público nacional,0,11,
29JAN2021:00:00:00,51 a 60,M,Sputnik,Privado,0,16,
29JAN2021:00:00:00,51 a 60,M,Sputnik,Público,0,85,
29JAN2021:00:00:00,51 a 60,M,Sputnik,Público nacional,0,3,
29JAN2021:00:00:00,61 a 70,F,Sputnik,Privado,0,1,
29JAN2021:00:00:00,61 a 70,F,Sputnik,Público,0,3,
29JAN2021:00:00:00,61 a 70,M,Sputnik,Público,0,4,
29JAN2021:00:00:00,61 a 70,M,Sputnik,Público nacional,0,1,
30JAN2021:00:00:00,30 o menos,F,Sputnik,Privado,0,4,
30JAN2021:00:00:00,30 o menos,F,Sputnik,Público,0,25,
30JAN2021:00:00:00,30 o menos,F,Sputnik,Público nacional,0,10,
30JAN2021:00:00:00,30 o menos,M,Sputnik,Público,0,18,
30JAN2021:00:00:00,30 o menos,M,Sputnik,Público nacional,0,1,
30JAN2021:00:00:00,31 a 40,F,Sputnik,Privado,0,2,
30JAN2021:00:00:00,31 a 40,F,Sputnik,Público,0,90,
30JAN2021:00:00:00,31 a 40,F,Sputnik,Público nacional,0,12,
30JAN2021:00:00:00,31 a 40,M,Sputnik,Privado,0,5,
30JAN2021:00:00:00,31 a 40,M,Sputnik,Público,0,51,
30JAN2021:00:00:00,31 a 40,M,Sputnik,Público nacional,0,4,
30JAN2021:00:00:00,41 a 50,F,Sputnik,Privado,0,3,
30JAN2021:00:00:00,41 a 50,F,Sputnik,Público,0,67,
30JAN2021:00:00:00,41 a 50,F,Sputnik,Público nacional,0,9,
30JAN2021:00:00:00,41 a 50,M,Sputnik,Privado,0,1,
30JAN2021:00:00:00,41 a 50,M,Sputnik,Público,0,38,
30JAN2021:00:00:00,41 a 50,M,Sputnik,Público nacional,0,6,
30JAN2021:00:00:00,51 a 60,F,Sputnik,Privado,0,1,
30JAN2021:00:00:00,51 a 60,F,Sputnik,Público,0,36,
30JAN2021:00:00:00,51 a 60,F,Sputnik,Público nacional,0,3,
30JAN2021:00:00:00,51 a 60,M,Sputnik,Público,0,28,
30JAN2021:00:00:00,51 a 60,M,Sputnik,Público nacional,0,1,
31JAN2021:00:00:00,30 o menos,F,Sputnik,Privado,0,3,
31JAN2021:00:00:00,30 o menos,F,Sputnik,Público,0,30,
31JAN2021:00:00:00,30 o menos,M,Sputnik,Privado,0,3,
31JAN2021:00:00:00,30 o menos,M,Sputnik,Público,0,20,
31JAN2021:00:00:00,31 a 40,F,Sputnik,Privado,0,13,
31JAN2021:00:00:00,31 a 40,F,Sputnik,Público,0,80,
31JAN2021:00:00:00,31 a 40,M,Sputnik,Privado,0,6,
31JAN2021:00:00:00,31 a 40,M,Sputnik,Público,0,36,
31JAN2021:00:00:00,41 a 50,F,Sputnik,Privado,0,4,
31JAN2021:00:00:00,41 a 50,F,Sputnik,Público,0,56,
31JAN2021:00:00:00,41 a 50,M,Sputnik,Privado,0,4,
31JAN2021:00:00:00,41 a 50,M,Sputnik,Público,0,28,
31JAN2021:00:00:00,51 a 60,F,Sputnik,Público,0,39,
31JAN2021:00:00:00,51 a 60,M,Sputnik,Privado,1,1,
31JAN2021:00:00:00,51 a 60,M,Sputnik,Público,0,18,
31JAN2021:00:00:00,61 a 70,M,Sputnik,Público,0,1,
01FEB2021:00:00:00,30 o menos,F,Sputnik,Privado,0,32,
01FEB2021:00:00:00,30 o menos,F,Sputnik,Público,0,127,
01FEB2021:00:00:00,30 o menos,F,Sputnik,Público nacional,0,16,
01FEB2021:00:00:00,30 o menos,M,Sputnik,Privado,0,15,
01FEB2021:00:00:00,30 o menos,M,Sputnik,Público,0,67,
01FEB2021:00:00:00,30 o menos,M,Sputnik,Público nacional,0,9,
01FEB2021:00:00:00,31 a 40,F,Sputnik,Privado,0,62,
01FEB2021:00:00:00,31 a 40,F,Sputnik,Público,0,247,
01FEB2021:00:00:00,31 a 40,F,Sputnik,Público nacional,0,23,
01FEB2021:00:00:00,31 a 40,M,Sputnik,Privado,0,46,
01FEB2021:00:00:00,31 a 40,M,Sputnik,Público,0,164,
01FEB2021:00:00:00,31 a 40,M,Sputnik,Público nacional,0,15,
01FEB2021:00:00:00,41 a 50,F,Sputnik,Privado,0,27,
01FEB2021:00:00:00,41 a 50,F,Sputnik,Público,0,215,
01FEB2021:00:00:00,41 a 50,F,Sputnik,Público nacional,0,12,
01FEB2021:00:00:00,41 a 50,M,Sputnik,Privado,0,28,
01FEB2021:00:00:00,41 a 50,M,Sputnik,Público,0,117,
01FEB2021:00:00:00,41 a 50,M,Sputnik,Público nacional,0,5,
01FEB2021:00:00:00,51 a 60,F,Sputnik,Privado,0,13,
01FEB2021:00:00:00,51 a 60,F,Sputnik,Público,0,157,
01FEB2021:00:00:00,51 a 60,F,Sputnik,Público nacional,0,8,
01FEB2021:00:00:00,51 a 60,M,Sputnik,Privado,0,11,
01FEB2021:00:00:00,51 a 60,M,Sputnik,Público,0,64,
01FEB2021:00:00:00,51 a 60,M,Sputnik,Público nacional,0,5,
01FEB2021:00:00:00,61 a 70,F,Sputnik,Privado,0,1,
01FEB2021:00:00:00,61 a 70,F,Sputnik,Público,0,3,
01FEB2021:00:00:00,61 a 70,F,Sputnik,Público nacional,0,1,
01FEB2021:00:00:00,61 a 70,M,Sputnik,Privado,0,1,
02FEB2021:00:00:00,30 o menos,F,Sputnik,Privado,8,12,
02FEB2021:00:00:00,30 o menos,F,Sputnik,Público,59,148,
02FEB2021:00:00:00,30 o menos,F,Sputnik,Público nacional,5,12,
02FEB2021:00:00:00,30 o menos,M,Sputnik,Privado,3,10,
02FEB2021:00:00:00,30 o menos,M,Sputnik,Público,21,70,
02FEB2021:00:00:00,30 o menos,M,Sputnik,Público nacional,1,8,
02FEB2021:00:00:00,31 a 40,F,Sputnik,Privado,18,37,
02FEB2021:00:00:00,31 a 40,F,Sputnik,Público,137,233,
02FEB2021:00:00:00,31 a 40,F,Sputnik,Público nacional,9,30,
02FEB2021:00:00:00,31 a 40,M,Sputnik,Privado,19,35,
02FEB2021:00:00:00,31 a 40,M,Sputnik,Público,65,145,
02FEB2021:00:00:00,31 a 40,M,Sputnik,Público nacional,4,20,
02FEB2021:00:00:00,41 a 50,F,Sputnik,Privado,19,29,
02FEB2021:00:00:00,41 a 50,F,Sputnik,Público,150,214,
02FEB2021:00:00:00,41 a 50,F,Sputnik,Público nacional,15,10,
02FEB2021:00:00:00,41 a 50,M,Sputnik,Privado,5,19,
02FEB2021:00:00:00,41 a 50,M,Sputnik,Público,64,98,
02FEB2021:00:00:00,41 a 50,M,Sputnik,Público nacional,6,13,
02FEB2021:00:00:00,51 a 60,F,Sputnik,Privado,11,11,
02FEB2021:00:00:00,51 a 60,F,Sputnik,Público,228,184,
02FEB2021:00:00:00,51 a 60,F,Sputnik,Público nacional,14,14,
02FEB2021:00:00:00,51 a 60,M,Sputnik,Privado,6,5,
02FEB2021:00:00:00,51 a 60,M,Sputnik,Público,110,93,
02FEB2021:00:00:00,51 a 60,M,Sputnik,Público nacional,6,6,
02FEB2021:00:00:00,61 a 70,F,Sputnik,Privado,2,0,
02FEB2021:00:00:00,61 a 70,F,Sputnik,Público,336,2,
02FEB2021:00:00:00,61 a 70,F,Sputnik,Público nacional,25,0,
02FEB2021:00:00:00,61 a 70,M,Sputnik,Privado,7,0,
02FEB2021:00:00:00,61 a 70,M,Sputnik,Público,276,0,
02FEB2021:00:00:00,61 a 70,M,Sputnik,Público nacional,22,1,
02FEB2021:00:00:00,71 a 80,F,Sputnik,Público,30,0,
02FEB2021:00:00:00,71 a 80,M,Sputnik,Privado,2,0,
02FEB2021:00:00:00,71 a 80,M,Sputnik,Público,33,0,
02FEB2021:00:00:00,71 a 80,M,Sputnik,Público nacional,2,0,
02FEB2021:00:00:00,81 a 90,F,Sputnik,Público,2,0,
02FEB2021:00:00:00,81 a 90,M,Sputnik,Público,5,0,
02FEB2021:00:00:00,91 o mas,M,Sputnik,Público,1,0,
03FEB2021:00:00:00,30 o menos,F,Sputnik,Privado,60,22,
03FEB2021:00:00:00,30 o menos,F,Sputnik,Público,93,115,
03FEB2021:00:00:00,30 o menos,F,Sputnik,Público nacional,13,23,
03FEB2021:00:00:00,30 o menos,M,Sputnik,Privado,31,15,
03FEB2021:00:00:00,30 o menos,M,Sputnik,Público,30,50,
03FEB2021:00:00:00,30 o menos,M,Sputnik,Público nacional,3,9,
03FEB2021:00:00:00,31 a 40,F,Sputnik,Privado,106,61,
03FEB2021:00:00:00,31 a 40,F,Sputnik,Público,217,186,
03FEB2021:00:00:00,31 a 40,F,Sputnik,Público nacional,26,21,
03FEB2021:00:00:00,31 a 40,M,Sputnik,Privado,70,38,
03FEB2021:00:00:00,31 a 40,M,Sputnik,Público,89,103,
03FEB2021:00:00:00,31 a 40,M,Sputnik,Público nacional,13,11,
03FEB2021:00:00:00,41 a 50,F,Sputnik,Privado,75,28,
03FEB2021:00:00:00,41 a 50,F,Sputnik,Público,248,151,
03FEB2021:00:00:00,41 a 50,F,Sputnik,Público nacional,24,20,
03FEB2021:00:00:00,41 a 50,M,Sputnik,Privado,23,19,
03FEB2021:00:00:00,41 a 50,M,Sputnik,Público,100,88,
03FEB2021:00:00:00,41 a 50,M,Sputnik,Público nacional,13,10,
03FEB2021:00:00:00,51 a 60,F,Sputnik,Privado,34,17,
03FEB2021:00:00:00,51 a 60,F,Sputnik,Público,267,115,
03FEB2021:00:00:00,51 a 60,F,Sputnik,Público nacional,26,16,
03FEB2021:00:00:00,51 a 60,M,Sputnik,Privado,25,9,
03FEB2021:00:00:00,51 a 60,M,Sputnik,Público,106,87,
03FEB2021:00:00:00,51 a 60,M,Sputnik,Público nacional,12,7,
03FEB2021:00:00:00,61 a 70,F,Sputnik,Privado,15,0,
03FEB2021:00:00:00,61 a 70,F,Sputnik,Público,285,0,
03FEB2021:00:00:00,61 a 70,F,Sputnik,Público nacional,18,0,
03FEB2021:00:00:00,61 a 70,M,Sputnik,Privado,13,0,
03FEB2021:00:00:00,61 a 70,M,Sputnik,Público,238,2,
03FEB2021:00:00:00,61 a 70,M,Sputnik,Público nacional,13,0,
03FEB2021:00:00:00,71 a 80,F,Sputnik,Público,26,0,
03FEB2021:00:00:00,71 a 80,M,Sputnik,Privado,5,0,
03FEB2021:00:00:00,71 a 80,M,Sputnik,Público,31,0,
03FEB2021:00:00:00,81 a 90,F,Sputnik,Público,2,0,
03FEB2021:00:00:00,81 a 90,M,Sputnik,Privado,1,0,
03FEB2021:00:00:00,81 a 90,M,Sputnik,Público,2,0,
04FEB2021:00:00:00,30 o menos,F,Sputnik,Privado,16,41,
04FEB2021:00:00:00,30 o menos,F,Sputnik,Público,67,146,
04FEB2021:00:00:00,30 o menos,F,Sputnik,Público nacional,22,32,
04FEB2021:00:00:00,30 o menos,M,Sputnik,Privado,4,28,
04FEB2021:00:00:00,30 o menos,M,Sputnik,Público,32,71,
04FEB2021:00:00:00,30 o menos,M,Sputnik,Público nacional,4,21,
04FEB2021:00:00:00,31 a 40,F,Sputnik,Privado,43,103,
04FEB2021:00:00:00,31 a 40,F,Sputnik,Público,204,253,
04FEB2021:00:00:00,31 a 40,F,Sputnik,Público nacional,22,38,
04FEB2021:00:00:00,31 a 40,M,Sputnik,Privado,22,71,
04FEB2021:00:00:00,31 a 40,M,Sputnik,Público,75,147,
04FEB2021:00:00:00,31 a 40,M,Sputnik,Público nacional,11,33,
04FEB2021:00:00:00,41 a 50,F,Sputnik,Privado,19,74,
04FEB2021:00:00:00,41 a 50,F,Sputnik,Público,208,224,
04FEB2021:00:00:00,41 a 50,F,Sputnik,Público nacional,15,26,
04FEB2021:00:00:00,41 a 50,M,Sputnik,Privado,8,35,
04FEB2021:00:00:00,41 a 50,M,Sputnik,Público,95,122,
04FEB2021:00:00:00,41 a 50,M,Sputnik,Público nacional,9,22,
04FEB2021:00:00:00,51 a 60,F,Sputnik,Privado,12,40,
04FEB2021:00:00:00,51 a 60,F,Sputnik,Público,244,154,
04FEB2021:00:00:00,51 a 60,F,Sputnik,Público nacional,20,13,
04FEB2021:00:00:00,51 a 60,M,Sputnik,Privado,5,22,
04FEB2021:00:00:00,51 a 60,M,Sputnik,Público,101,75,
04FEB2021:00:00:00,51 a 60,M,Sputnik,Público nacional,10,8,
04FEB2021:00:00:00,61 a 70,F,Sputnik,Público,240,0,
04FEB2021:00:00:00,61 a 70,F,Sputnik,Público nacional,10,0,
04FEB2021:00:00:00,61 a 70,M,Sputnik,Privado,5,0,
04FEB2021:00:00:00,61 a 70,M,Sputnik,Público,152,0,
04FEB2021:00:00:00,61 a 70,M,Sputnik,Público nacional,9,0,
04FEB2021:00:00:00,71 a 80,F,Sputnik,Público,34,0,
04FEB2021:00:00:00,71 a 80,M,Sputnik,Público,39,0,
04FEB2021:00:00:00,81 a 90,F,Sputnik,Público,3,0,
04FEB2021:00:00:00,81 a 90,M,Sputnik,Público,4,0,
04FEB2021:00:00:00,91 o mas,M,Sputnik,Público,1,0,
05FEB2021:00:00:00,30 o menos,F,Sputnik,Privado,75,130,
05FEB2021:00:00:00,30 o menos,F,Sputnik,Público,130,201,
05FEB2021:00:00:00,30 o menos,F,Sputnik,Público nacional,17,25,
05FEB2021:00:00:00,30 o menos,M,Sputnik,Privado,44,50,
05FEB2021:00:00:00,30 o menos,M,Sputnik,Público,50,116,
05FEB2021:00:00:00,30 o menos,M,Sputnik,Público nacional,6,14,
05FEB2021:00:00:00,31 a 40,F,Sputnik,Privado,158,246,
05FEB2021:00:00:00,31 a 40,F,Sputnik,Público,305,386,
05FEB2021:00:00:00,31 a 40,F,Sputnik,Público nacional,44,31,
05FEB2021:00:00:00,31 a 40,M,Sputnik,Privado,103,146,
05FEB2021:00:00:00,31 a 40,M,Sputnik,Público,124,215,
05FEB2021:00:00:00,31 a 40,M,Sputnik,Público nacional,12,20,
05FEB2021:00:00:00,41 a 50,F,Sputnik,Privado,115,155,
05FEB2021:00:00:00,41 a 50,F,Sputnik,Público,289,305,
05FEB2021:00:00:00,41 a 50,F,Sputnik,Público nacional,20,26,
05FEB2021:00:00:00,41 a 50,M,Sputnik,Privado,61,74,
05FEB2021:00:00:00,41 a 50,M,Sputnik,Público,90,155,
05FEB2021:00:00:00,41 a 50,M,Sputnik,Público nacional,11,14,
05FEB2021:00:00:00,51 a 60,F,Sputnik,Privado,77,71,
05FEB2021:00:00:00,51 a 60,F,Sputnik,Público,296,241,
05FEB2021:00:00:00,51 a 60,F,Sputnik,Público nacional,38,11,
05FEB2021:00:00:00,51 a 60,M,Sputnik,Privado,32,46,
05FEB2021:00:00:00,51 a 60,M,Sputnik,Público,130,118,
05FEB2021:00:00:00,51 a 60,M,Sputnik,Público nacional,24,7,
05FEB2021:00:00:00,61 a 70,F,Sputnik,Privado,18,2,
05FEB2021:00:00:00,61 a 70,F,Sputnik,Público,233,2,
05FEB2021:00:00:00,61 a 70,F,Sputnik,Público nacional,22,0,
05FEB2021:00:00:00,61 a 70,M,Sputnik,Privado,15,0,
05FEB2021:00:00:00,61 a 70,M,Sputnik,Público,157,1,
09JAN2021:00:00:00,41 a 50,F,Sputnik,Público nacional,19,0,
09JAN2021:00:00:00,41 a 50,M,Sputnik,Privado,3,0,
09JAN2021:00:00:00,41 a 50,M,Sputnik,Público,42,0,
09JAN2021:00:00:00,41 a 50,M,Sputnik,Público nacional,7,0,
09JAN2021:00:00:00,51 a 60,F,Sputnik,Privado,3,0,
09JAN2021:00:00:00,51 a 60,F,Sputnik,Público,36,0,
09JAN2021:00:00:00,51 a 60,F,Sputnik,Público nacional,5,0,
09JAN2021:00:00:00,51 a 60,M,Sputnik,Público,30,0,
09JAN2021:00:00:00,51 a 60,M,Sputnik,Público nacional,1,0,
10JAN2021:00:00:00,30 o menos,F,Sputnik,Privado,12,0,
10JAN2021:00:00:00,30 o menos,F,Sputnik,Público,36,0,
10JAN2021:00:00:00,30 o menos,M,Sputnik,Privado,9,0,
10JAN2021:00:00:00,30 o menos,M,Sputnik,Público,24,0,
10JAN2021:00:00:00,31 a 40,F,Sputnik,Privado,28,0,
10JAN2021:00:00:00,31 a 40,F,Sputnik,Público,124,0,
10JAN2021:00:00:00,31 a 40,M,Sputnik,Privado,17,0,
10JAN2021:00:00:00,31 a 40,M,Sputnik,Público,72,0,
10JAN2021:00:00:00,41 a 50,F,Sputnik,Privado,12,0,
10JAN2021:00:00:00,41 a 50,F,Sputnik,Público,90,0,
10JAN2021:00:00:00,41 a 50,M,Sputnik,Privado,9,0,
10JAN2021:00:00:00,41 a 50,M,Sputnik,Público,45,0,
10JAN2021:00:00:00,51 a 60,F,Sputnik,Privado,1,0,
10JAN2021:00:00:00,51 a 60,F,Sputnik,Público,58,0,
10JAN2021:00:00:00,51 a 60,M,Sputnik,Privado,3,0,
10JAN2021:00:00:00,51 a 60,M,Sputnik,Público,28,0,
10JAN2021:00:00:00,61 a 70,F,Sputnik,Público,1,0,
10JAN2021:00:00:00,61 a 70,M,Sputnik,Privado,1,0,
10JAN2021:00:00:00,61 a 70,M,Sputnik,Público,1,0,
11JAN2021:00:00:00,30 o menos,F,Sputnik,Privado,29,0,
11JAN2021:00:00:00,30 o menos,F,Sputnik,Público,203,0,
11JAN2021:00:00:00,30 o menos,F,Sputnik,Público nacional,26,0,
11JAN2021:00:00:00,30 o menos,M,Sputnik,Privado,19,0,
11JAN2021:00:00:00,30 o menos,M,Sputnik,Público,84,0,
11JAN2021:00:00:00,30 o menos,M,Sputnik,Público nacional,9,0,
11JAN2021:00:00:00,31 a 40,F,Sputnik,Privado,69,0,
11JAN2021:00:00:00,31 a 40,F,Sputnik,Público,297,0,
11JAN2021:00:00:00,31 a 40,F,Sputnik,Público nacional,38,0,
11JAN2021:00:00:00,31 a 40,M,Sputnik,Privado,51,0,
11JAN2021:00:00:00,31 a 40,M,Sputnik,Público,198,0,
11JAN2021:00:00:00,31 a 40,M,Sputnik,Público nacional,19,0,
11JAN2021:00:00:00,41 a 50,F,Sputnik,Privado,56,0,
11JAN2021:00:00:00,41 a 50,F,Sputnik,Público,256,0,
11JAN2021:00:00:00,41 a 50,F,Sputnik,Público nacional,15,0,
11JAN2021:00:00:00,41 a 50,M,Sputnik,Privado,33,0,
11JAN2021:00:00:00,41 a 50,M,Sputnik,Público,133,0,
11JAN2021:00:00:00,41 a 50,M,Sputnik,Público nacional,11,0,
11JAN2021:00:00:00,51 a 60,F,Sputnik,Privado,22,0,
11JAN2021:00:00:00,51 a 60,F,Sputnik,Público,177,0,
11JAN2021:00:00:00,51 a 60,F,Sputnik,Público nacional,10,0,
11JAN2021:00:00:00,51 a 60,M,Sputnik,Privado,12,0,
11JAN2021:00:00:00,51 a 60,M,Sputnik,Público,86,0,
11JAN2021:00:00:00,51 a 60,M,Sputnik,Público nacional,7,0,
11JAN2021:00:00:00,61 a 70,F,Sputnik,Público,3,0,
11JAN2021:00:00:00,61 a 70,M,Sputnik,Público,2,0,
12JAN2021:00:00:00,30 o menos,F,Sputnik,Privado,12,0,
12JAN2021:00:00:00,30 o menos,F,Sputnik,Público,147,0,
12JAN2021:00:00:00,30 o menos,F,Sputnik,Público nacional,33,0,
12JAN2021:00:00:00,30 o menos,M,Sputnik,Privado,8,0,
12JAN2021:00:00:00,30 o menos,M,Sputnik,Público,73,0,
12JAN2021:00:00:00,30 o menos,M,Sputnik,Público nacional,16,0,
12JAN2021:00:00:00,31 a 40,F,Sputnik,Privado,67,0,
12JAN2021:00:00:00,31 a 40,F,Sputnik,Público,265,0,
12JAN2021:00:00:00,31 a 40,F,Sputnik,Público nacional,56,0,
12JAN2021:00:00:00,31 a 40,M,Sputnik,Privado,49,0,
12JAN2021:00:00:00,31 a 40,M,Sputnik,Público,155,0,
12JAN2021:00:00:00,31 a 40,M,Sputnik,Público nacional,32,0,
12JAN2021:00:00:00,41 a 50,F,Sputnik,Privado,30,0,
12JAN2021:00:00:00,41 a 50,F,Sputnik,Público,232,0,
12JAN2021:00:00:00,41 a 50,F,Sputnik,Público nacional,31,0,
12JAN2021:00:00:00,41 a 50,M,Sputnik,Privado,27,0,
12JAN2021:00:00:00,41 a 50,M,Sputnik,Público,102,0,
12JAN2021:00:00:00,41 a 50,M,Sputnik,Público nacional,22,0,
12JAN2021:00:00:00,51 a 60,F,Sputnik,Privado,24,0,
12JAN2021:00:00:00,51 a 60,F,Sputnik,Público,177,0,
12JAN2021:00:00:00,51 a 60,F,Sputnik,Público nacional,22,0,
12JAN2021:00:00:00,51 a 60,M,Sputnik,Privado,13,0,
12JAN2021:00:00:00,51 a 60,M,Sputnik,Público,88,0,
12JAN2021:00:00:00,51 a 60,M,Sputnik,Público nacional,9,0,
12JAN2021:00:00:00,61 a 70,F,Sputnik,Privado,1,0,
12JAN2021:00:00:00,61 a 70,M,Sputnik,Público nacional,1,0,
13JAN2021:00:00:00,30 o menos,F,Sputnik,Privado,47,0,
13JAN2021:00:00:00,30 o menos,F,Sputnik,Público,114,0,
13JAN2021:00:00:00,30 o menos,F,Sputnik,Público nacional,18,0,
13JAN2021:00:00:00,30 o menos,M,Sputnik,Privado,30,0,
13JAN2021:00:00:00,30 o menos,M,Sputnik,Público,36,0,
13JAN2021:00:00:00,30 o menos,M,Sputnik,Público nacional,13,0,
13JAN2021:00:00:00,31 a 40,F,Sputnik,Privado,88,0,
13JAN2021:00:00:00,31 a 40,F,Sputnik,Público,195,0,
13JAN2021:00:00:00,31 a 40,F,Sputnik,Público nacional,42,0,
13JAN2021:00:00:00,31 a 40,M,Sputnik,Privado,53,0,
13JAN2021:00:00:00,31 a 40,M,Sputnik,Público,91,0,
13JAN2021:00:00:00,31 a 40,M,Sputnik,Público nacional,20,0,
13JAN2021:00:00:00,41 a 50,F,Sputnik,Privado,54,0,
13JAN2021:00:00:00,41 a 50,F,Sputnik,Público,149,0,
13JAN2021:00:00:00,41 a 50,F,Sputnik,Público nacional,32,0,
13JAN2021:00:00:00,41 a 50,M,Sputnik,Privado,21,0,
13JAN2021:00:00:00,41 a 50,M,Sputnik,Público,90,0,
13JAN2021:00:00:00,41 a 50,M,Sputnik,Público nacional,18,0,
13JAN2021:00:00:00,51 a 60,F,Sputnik,Privado,25,0,
13JAN2021:00:00:00,51 a 60,F,Sputnik,Público,115,0,
13JAN2021:00:00:00,51 a 60,F,Sputnik,Público nacional,14,0,
13JAN2021:00:00:00,51 a 60,M,Sputnik,Privado,15,0,
13JAN2021:00:00:00,51 a 60,M,Sputnik,Público,66,0,
13JAN2021:00:00:00,51 a 60,M,Sputnik,Público nacional,12,0,
13JAN2021:00:00:00,61 a 70,M,Sputnik,Público,1,0,
14JAN2021:00:00:00,30 o menos,F,Sputnik,Privado,81,0,
14JAN2021:00:00:00,30 o menos,F,Sputnik,Público,148,0,
14JAN2021:00:00:00,30 o menos,F,Sputnik,Público nacional,53,0,
14JAN2021:00:00:00,30 o menos,M,Sputnik,Privado,46,0,
14JAN2021:00:00:00,30 o menos,M,Sputnik,Público,98,0,
14JAN2021:00:00:00,30 o menos,M,Sputnik,Público nacional,26,0,
14JAN2021:00:00:00,31 a 40,F,Sputnik,Privado,162,0,
14JAN2021:00:00:00,31 a 40,F,Sputnik,Público,266,0,
14JAN2021:00:00:00,31 a 40,F,Sputnik,Público nacional,60,0,
14JAN2021:00:00:00,31 a 40,M,Sputnik,Privado,116,0,
14JAN2021:00:00:00,31 a 40,M,Sputnik,Público,135,0,
14JAN2021:00:00:00,31 a 40,M,Sputnik,Público nacional,41,0,
14JAN2021:00:00:00,41 a 50,F,Sputnik,Privado,117,0,
14JAN2021:00:00:00,41 a 50,F,Sputnik,Público,238,0,
14JAN2021:00:00:00,41 a 50,F,Sputnik,Público nacional,42,0,
14JAN2021:00:00:00,41 a 50,M,Sputnik,Privado,51,0,
14JAN2021:00:00:00,41 a 50,M,Sputnik,Público,141,0,
14JAN2021:00:00:00,41 a 50,M,Sputnik,Público nacional,27,0,
14JAN2021:00:00:00,51 a 60,F,Sputnik,Privado,54,0,
14JAN2021:00:00:00,51 a 60,F,Sputnik,Público,175,0,
14JAN2021:00:00:00,51 a 60,F,Sputnik,Público nacional,27,0,
14JAN2021:00:00:00,51 a 60,M,Sputnik,Privado,27,0,
14JAN2021:00:00:00,51 a 60,M,Sputnik,Público,84,0,
14JAN2021:00:00:00,51 a 60,M,Sputnik,Público nacional,12,0,
14JAN2021:00:00:00,61 a 70,F,Sputnik,Público,1,0,
15JAN2021:00:00:00,30 o menos,F,Sputnik,Privado,157,0,
15JAN2021:00:00:00,30 o menos,F,Sputnik,Público,259,0,
15JAN2021:00:00:00,30 o menos,F,Sputnik,Público nacional,37,0,
15JAN2021:00:00:00,30 o menos,M,Sputnik,Privado,69,0,
15JAN2021:00:00:00,30 o menos,M,Sputnik,Público,130,0,
15JAN2021:00:00:00,30 o menos,M,Sputnik,Público nacional,16,0,
15JAN2021:00:00:00,31 a 40,F,Sputnik,Privado,253,0,
15JAN2021:00:00:00,31 a 40,F,Sputnik,Público,470,0,
15JAN2021:00:00:00,31 a 40,F,Sputnik,Público nacional,50,0,
15JAN2021:00:00:00,31 a 40,M,Sputnik,Privado,160,0,
15JAN2021:00:00:00,31 a 40,M,Sputnik,Público,280,0,
15JAN2021:00:00:00,31 a 40,M,Sputnik,Público nacional,27,0,
15JAN2021:00:00:00,41 a 50,F,Sputnik,Privado,164,0,
15JAN2021:00:00:00,41 a 50,F,Sputnik,Público,399,0,
15JAN2021:00:00:00,41 a 50,F,Sputnik,Público nacional,51,0,
15JAN2021:00:00:00,41 a 50,M,Sputnik,Privado,95,0,
15JAN2021:00:00:00,41 a 50,M,Sputnik,Público,182,0,
15JAN2021:00:00:00,41 a 50,M,Sputnik,Público nacional,31,0,
15JAN2021:00:00:00,51 a 60,F,Sputnik,Privado,72,0,
15JAN2021:00:00:00,51 a 60,F,Sputnik,Público,286,0,
15JAN2021:00:00:00,51 a 60,F,Sputnik,Público nacional,27,0,
15JAN2021:00:00:00,51 a 60,M,Sputnik,Privado,48,0,
15JAN2021:00:00:00,51 a 60,M,Sputnik,Público,146,0,
15JAN2021:00:00:00,51 a 60,M,Sputnik,Público nacional,12,0,
15JAN2021:00:00:00,61 a 70,F,Sputnik,Privado,2,0,
15JAN2021:00:00:00,61 a 70,F,Sputnik,Público,2,0,
16JAN2021:00:00:00,30 o menos,F,Sputnik,Privado,41,0,
16JAN2021:00:00:00,30 o menos,F,Sputnik,Público,100,0,
16JAN2021:00:00:00,30 o menos,F,Sputnik,Público nacional,13,0,
16JAN2021:00:00:00,30 o menos,M,Sputnik,Privado,21,0,
16JAN2021:00:00:00,30 o menos,M,Sputnik,Público,68,0,
16JAN2021:00:00:00,30 o menos,M,Sputnik,Público nacional,7,0,
16JAN2021:00:00:00,31 a 40,F,Sputnik,Privado,96,0,
16JAN2021:00:00:00,31 a 40,F,Sputnik,Público,206,0,
16JAN2021:00:00:00,31 a 40,F,Sputnik,Público nacional,27,0,
16JAN2021:00:00:00,31 a 40,M,Sputnik,Privado,56,0,
16JAN2021:00:00:00,31 a 40,M,Sputnik,Público,103,0,
16JAN2021:00:00:00,31 a 40,M,Sputnik,Público nacional,19,0,
16JAN2021:00:00:00,41 a 50,F,Sputnik,Privado,35,0,
16JAN2021:00:00:00,41 a 50,F,Sputnik,Público,192,0,
16JAN2021:00:00:00,41 a 50,F,Sputnik,Público nacional,18,0,
16JAN2021:00:00:00,41 a 50,M,Sputnik,Privado,20,0,
16JAN2021:00:00:00,41 a 50,M,Sputnik,Público,96,0,
16JAN2021:00:00:00,41 a 50,M,Sputnik,Público nacional,5,0,
16JAN2021:00:00:00,51 a 60,F,Sputnik,Privado,22,0,
16JAN2021:00:00:00,51 a 60,F,Sputnik,Público,103,0,
16JAN2021:00:00:00,51 a 60,F,Sputnik,Público nacional,8,0,
16JAN2021:00:00:00,51 a 60,M,Sputnik,Privado,16,0,
16JAN2021:00:00:00,51 a 60,M,Sputnik,Público,61,0,
16JAN2021:00:00:00,51 a 60,M,Sputnik,Público nacional,5,0,
17JAN2021:00:00:00,30 o menos,F,Sputnik,Privado,49,0,
17JAN2021:00:00:00,30 o menos,F,Sputnik,Público,36,0,
17JAN2021:00:00:00,30 o menos,F,Sputnik,Público nacional,8,0,
17JAN2021:00:00:00,30 o menos,M,Sputnik,Privado,24,0,
17JAN2021:00:00:00,30 o menos,M,Sputnik,Público,25,0,
17JAN2021:00:00:00,30 o menos,M,Sputnik,Público nacional,17,0,
17JAN2021:00:00:00,31 a 40,F,Sputnik,Privado,97,0,
17JAN2021:00:00:00,31 a 40,F,Sputnik,Público,107,0,
17JAN2021:00:00:00,31 a 40,F,Sputnik,Público nacional,11,0,
17JAN2021:00:00:00,31 a 40,M,Sputnik,Privado,41,0,
17JAN2021:00:00:00,31 a 40,M,Sputnik,Público,60,0,
17JAN2021:00:00:00,31 a 40,M,Sputnik,Público nacional,13,0,
17JAN2021:00:00:00,41 a 50,F,Sputnik,Privado,40,0,
17JAN2021:00:00:00,41 a 50,F,Sputnik,Público,102,0,
17JAN2021:00:00:00,41 a 50,F,Sputnik,Público nacional,13,0,
17JAN2021:00:00:00,41 a 50,M,Sputnik,Privado,20,0,
17JAN2021:00:00:00,41 a 50,M,Sputnik,Público,41,0,
17JAN2021:00:00:00,41 a 50,M,Sputnik,Público nacional,11,0,
17JAN2021:00:00:00,51 a 60,F,Sputnik,Privado,16,0,
17JAN2021:00:00:00,51 a 60,F,Sputnik,Público,59,0,
17JAN2021:00:00:00,51 a 60,F,Sputnik,Público nacional,9,0,
17JAN2021:00:00:00,51 a 60,M,Sputnik,Privado,10,0,
17JAN2021:00:00:00,51 a 60,M,Sputnik,Público,23,0,
17JAN2021:00:00:00,51 a 60,M,Sputnik,Público nacional,1,0,
18JAN2021:00:00:00,30 o menos,F,Sputnik,Privado,6,0,
18JAN2021:00:00:00,30 o menos,F,Sputnik,Público,31,0,
18JAN2021:00:00:00,30 o menos,F,Sputnik,Público nacional,17,0,
18JAN2021:00:00:00,30 o menos,M,Sputnik,Privado,4,0,
18JAN2021:00:00:00,30 o menos,M,Sputnik,Público,15,0,
18JAN2021:00:00:00,30 o menos,M,Sputnik,Público nacional,9,0,
18JAN2021:00:00:00,31 a 40,F,Sputnik,Privado,25,0,
18JAN2021:00:00:00,31 a 40,F,Sputnik,Público,51,0,
18JAN2021:00:00:00,31 a 40,F,Sputnik,Público nacional,28,0,
18JAN2021:00:00:00,31 a 40,M,Sputnik,Privado,10,0,
18JAN2021:00:00:00,31 a 40,M,Sputnik,Público,35,0,
18JAN2021:00:00:00,31 a 40,M,Sputnik,Público nacional,15,0,
18JAN2021:00:00:00,41 a 50,F,Sputnik,Privado,17,0,
18JAN2021:00:00:00,41 a 50,F,Sputnik,Público,63,0,
18JAN2021:00:00:00,41 a 50,F,Sputnik,Público nacional,26,0,
18JAN2021:00:00:00,41 a 50,M,Sputnik,Privado,17,0,
18JAN2021:00:00:00,41 a 50,M,Sputnik,Público,29,0,
18JAN2021:00:00:00,41 a 50,M,Sputnik,Público nacional,11,0,
18JAN2021:00:00:00,51 a 60,F,Sputnik,Privado,12,0,
18JAN2021:00:00:00,51 a 60,F,Sputnik,Público,32,0,
18JAN2021:00:00:00,51 a 60,F,Sputnik,Público nacional,11,0,
18JAN2021:00:00:00,51 a 60,M,Sputnik,Privado,10,0,
18JAN2021:00:00:00,51 a 60,M,Sputnik,Público,24,0,
18JAN2021:00:00:00,51 a 60,M,Sputnik,Público nacional,9,0,
19JAN2021:00:00:00,30 o menos,F,Sputnik,Privado,13,0,
19JAN2021:00:00:00,30 o menos,F,Sputnik,Público,23,30,
19JAN2021:00:00:00,30 o menos,F,Sputnik,Público nacional,1,0,
19JAN2021:00:00:00,30 o menos,M,Sputnik,Privado,5,0,
19JAN2021:00:00:00,30 o menos,M,Sputnik,Público,13,16,
19JAN2021:00:00:00,30 o menos,M,Sputnik,Público nacional,2,0,
19JAN2021:00:00:00,31 a 40,F,Sputnik,Privado,37,0,
19JAN2021:00:00:00,31 a 40,F,Sputnik,Público,51,83,
19JAN2021:00:00:00,31 a 40,M,Sputnik,Privado,13,0,
19JAN2021:00:00:00,31 a 40,M,Sputnik,Público,16,51,
19JAN2021:00:00:00,31 a 40,M,Sputnik,Público nacional,2,0,
19JAN2021:00:00:00,41 a 50,F,Sputnik,Privado,20,0,
19JAN2021:00:00:00,41 a 50,F,Sputnik,Público,33,90,
19JAN2021:00:00:00,41 a 50,F,Sputnik,Público nacional,3,0,
19JAN2021:00:00:00,41 a 50,M,Sputnik,Privado,9,0,
19JAN2021:00:00:00,41 a 50,M,Sputnik,Público,24,60,
19JAN2021:00:00:00,41 a 50,M,Sputnik,Público nacional,2,0,
19JAN2021:00:00:00,51 a 60,F,Sputnik,Privado,8,0,
19JAN2021:00:00:00,51 a 60,F,Sputnik,Público,23,55,
19JAN2021:00:00:00,51 a 60,F,Sputnik,Público nacional,1,0,
19JAN2021:00:00:00,51 a 60,M,Sputnik,Privado,9,0,
19JAN2021:00:00:00,51 a 60,M,Sputnik,Público,23,38,
19JAN2021:00:00:00,51 a 60,M,Sputnik,Público nacional,1,0,
19JAN2021:00:00:00,61 a 70,F,Sputnik,Público,0,1,
19JAN2021:00:00:00,61 a 70,M,Sputnik,Público,0,2,
20JAN2021:00:00:00,30 o menos,F,Sputnik,Privado,13,0,
20JAN2021:00:00:00,30 o menos,F,Sputnik,Público,4,70,
20JAN2021:00:00:00,30 o menos,F,Sputnik,Público nacional,8,0,
20JAN2021:00:00:00,30 o menos,M,Sputnik,Privado,3,0,
20JAN2021:00:00:00,30 o menos,M,Sputnik,Público,0,26,
20JAN2021:00:00:00,30 o menos,M,Sputnik,Público nacional,2,0,
20JAN2021:00:00:00,31 a 40,F,Sputnik,Privado,17,0,
20JAN2021:00:00:00,31 a 40,F,Sputnik,Público,2,125,
20JAN2021:00:00:00,31 a 40,F,Sputnik,Público nacional,6,0,
20JAN2021:00:00:00,31 a 40,M,Sputnik,Privado,8,0,
20JAN2021:00:00:00,31 a 40,M,Sputnik,Público,1,94,
20JAN2021:00:00:00,31 a 40,M,Sputnik,Público nacional,6,0,
20JAN2021:00:00:00,41 a 50,F,Sputnik,Privado,19,0,
20JAN2021:00:00:00,41 a 50,F,Sputnik,Público,2,126,
20JAN2021:00:00:00,41 a 50,F,Sputnik,Público nacional,11,0,
20JAN2021:00:00:00,41 a 50,M,Sputnik,Privado,5,0,
20JAN2021:00:00:00,41 a 50,M,Sputnik,Público,3,72,
20JAN2021:00:00:00,41 a 50,M,Sputnik,Público nacional,8,0,
20JAN2021:00:00:00,51 a 60,F,Sputnik,Privado,12,0,
20JAN2021:00:00:00,51 a 60,F,Sputnik,Público,0,75,
20JAN2021:00:00:00,51 a 60,F,Sputnik,Público nacional,11,0,
20JAN2021:00:00:00,51 a 60,M,Sputnik,Privado,5,0,
20JAN2021:00:00:00,51 a 60,M,Sputnik,Público,0,54,
20JAN2021:00:00:00,51 a 60,M,Sputnik,Público nacional,5,0,
20JAN2021:00:00:00,61 a 70,F,Sputnik,Privado,1,0,
20JAN2021:00:00:00,61 a 70,F,Sputnik,Público,0,3,
29DEC2020:00:00:00,30 o menos,F,Sputnik,Público,76,0,
29DEC2020:00:00:00,30 o menos,M,Sputnik,Público,44,0,
29DEC2020:00:00:00,31 a 40,F,Sputnik,Público,144,0,
29DEC2020:00:00:00,31 a 40,M,Sputnik,Público,104,0,
29DEC2020:00:00:00,41 a 50,F,Sputnik,Público,154,0,
29DEC2020:00:00:00,41 a 50,M,Sputnik,Público,93,0,
29DEC2020:00:00:00,51 a 60,F,Sputnik,Público,99,0,
29DEC2020:00:00:00,51 a 60,M,Sputnik,Público,57,0,
29DEC2020:00:00:00,61 a 70,F,Sputnik,Público,3,0,
29DEC2020:00:00:00,61 a 70,M,Sputnik,Público,1,0,
30DEC2020:00:00:00,30 o menos,F,Sputnik,Público,112,0,
30DEC2020:00:00:00,30 o menos,M,Sputnik,Público,51,0,
30DEC2020:00:00:00,31 a 40,F,Sputnik,Público,173,0,
30DEC2020:00:00:00,31 a 40,M,Sputnik,Público,122,0,
30DEC2020:00:00:00,41 a 50,F,Sputnik,Público,175,0,
30DEC2020:00:00:00,41 a 50,M,Sputnik,Público,96,0,
30DEC2020:00:00:00,51 a 60,F,Sputnik,Público,102,0,
30DEC2020:00:00:00,51 a 60,M,Sputnik,Público,68,0,
30DEC2020:00:00:00,61 a 70,F,Sputnik,Público,2,0,
30DEC2020:00:00:00,61 a 70,M,Sputnik,Público,2,0,
31DEC2020:00:00:00,30 o menos,F,Sputnik,Público,3,0,
31DEC2020:00:00:00,30 o menos,M,Sputnik,Público,7,0,
31DEC2020:00:00:00,31 a 40,F,Sputnik,Público,17,0,
